id,Y7 EOY Delta 1,,Y7 EOY Delta 2,,Y7 EOY Higher Tier Test,,Y7 AVG,,,,,,,,,Y8 Term 1 Test HA ,,Y8 Term 2 Test HA ,,Y8 Term 3 Test HA ,,Y8 AVG,Y9 Term 1 Test HA,,Y9 Term 2 Test HA,,Y9 Term 5 Test HA,,Y9 Term 6 Test HA,,Y9 AVG,Y10 Term 1 Test H,,Y10 Term 2 Test H,,Y10 Term 3 Test H,,Y10 Term 4 Test H,,Y10 AVG,Y10 EOY Mock Higher Paper 1,Y10 EOY Mock Higher Paper 2,Y10 MOCK AVG,Y11 Nov Mock Higher Paper 1,Y11 Nov Mock Higher Paper 2,Y11 NOV MOCK AVG,Y11 March Mock Higher Paper 1,Y11 March Mock Higher Paper 2,Y11 MAR MOCK AVG,Final grade
1273,,,,,51,,0.51,,,,,,,,,37,0.616666667,37,0.616666667,24,0.4,0.544444444,57,0.475,,,69,0.575,50,0.416666667,0.488888889,62,0.516666667,46,0.383333333,64,0.533333333,73,0.608333333,0.510416667,29,48,0.48125,52,40,0.575,52,37,0.55625,6
1274,,,,,62,,0.62,,,,,,,,,38,0.633333333,49,0.816666667,44,0.733333333,0.727777778,89,0.741666667,97,0.808333333,34,0.283333333,91,0.758333333,0.647916667,95,0.791666667,80,0.666666667,98,0.816666667,99,0.825,0.775,41,53,0.5875,60,50,0.6875,53,52,0.65625,8
1275,,,,,49,,0.49,,,,,,,,,45,0.75,44,0.733333333,48,0.8,0.761111111,62,0.516666667,94,0.783333333,35,0.291666667,68,0.566666667,0.539583333,93,0.775,65,0.541666667,90,0.75,72,0.6,0.666666667,40,47,0.54375,49,56,0.65625,39,43,0.5125,6
1276,,,,,78,,0.78,,,,,,,,,50,0.833333333,56,0.933333333,52,0.866666667,0.877777778,84,0.7,98,0.816666667,38,0.316666667,83,0.691666667,0.63125,79,0.658333333,81,0.675,79,0.658333333,82,0.683333333,0.66875,42,61,0.64375,60,47,0.66875,52,52,0.65,7
1277,,,,,91,,0.91,,,,,,,,,57,0.95,58,0.966666667,60,1,0.972222222,107,0.891666667,117,0.975,54,0.45,114,0.95,0.816666667,117,0.975,119,0.991666667,116,0.966666667,118,0.983333333,0.979166667,57,70,0.79375,75,70,0.90625,78,74,0.95,9
1278,,,,,94,,0.94,,,,,,,,,51,0.85,56,0.933333333,57,0.95,0.911111111,111,0.925,119,0.991666667,56,0.466666667,106,0.883333333,0.816666667,114,0.95,112,0.933333333,117,0.975,56,0.466666667,0.83125,59,71,0.8125,76,61,0.85625,69,73,0.8875,9
1279,,,,,59,,0.59,,,,,,,,,51,0.85,52,0.866666667,42,0.7,0.805555556,96,0.8,88,0.733333333,46,0.383333333,93,0.775,0.672916667,87,0.725,79,0.658333333,94,0.783333333,91,0.758333333,0.73125,35,57,0.575,54,51,0.65625,57,56,0.70625,7
1280,,,,,27,,0.27,,,,,,,,,37,0.616666667,42,0.7,30,0.5,0.605555556,73,0.608333333,88,0.733333333,86,0.716666667,67,0.558333333,0.654166667,63,0.525,68,0.566666667,66,0.55,78,0.65,0.572916667,25,42,0.41875,52,38,0.5625,44,39,0.51875,6
1281,,,,,77,,0.77,,,,,,,,,50,0.833333333,56,0.933333333,54,0.9,0.888888889,111,0.925,114,0.95,54,0.45,109,0.908333333,0.808333333,107,0.891666667,106,0.883333333,110,0.916666667,111,0.925,0.904166667,54,68,0.7625,64,52,0.725,56,65,0.75625,7
1282,,,,,79,,0.79,,,,,,,,,47,0.783333333,50,0.833333333,43,0.716666667,0.777777778,105,0.875,52,0.433333333,46,0.383333333,80,0.666666667,0.589583333,86,0.716666667,90,0.75,,,69,0.575,0.680555556,42,51,0.58125,53,39,0.575,45,56,0.63125,7
1283,,,,,58,,0.58,,,,,,,,,38,0.633333333,53,0.883333333,47,0.783333333,0.766666667,89,0.741666667,103,0.858333333,36,0.3,77,0.641666667,0.635416667,89,0.741666667,91,0.758333333,94,0.783333333,85,0.708333333,0.747916667,35,37,0.45,44,33,0.48125,48,37,0.53125,6
1284,,,,,71,,0.71,,,,,,,,,50,0.833333333,54,0.9,53,0.883333333,0.872222222,87,0.725,102,0.85,31,0.258333333,70,0.583333333,0.604166667,100,0.833333333,81,0.675,83,0.691666667,83,0.691666667,0.722916667,37,50,0.54375,50,42,0.575,49,46,0.59375,6
1285,,,,,56,,0.56,,,,,,,,,46,0.766666667,52,0.866666667,42,0.7,0.777777778,77,0.641666667,93,0.775,34,0.283333333,53,0.441666667,0.535416667,82,0.683333333,45,0.375,86,0.716666667,76,0.633333333,0.602083333,38,54,0.575,53,41,0.5875,47,49,0.6,6
1286,,,,,82,,0.82,,,,,,,,,48,0.8,47,0.783333333,46,0.766666667,0.783333333,98,0.816666667,115,0.958333333,46,0.383333333,86,0.716666667,0.71875,107,0.891666667,106,0.883333333,104,0.866666667,110,0.916666667,0.889583333,49,56,0.65625,64,66,0.8125,65,60,0.78125,9
1287,,,,,76,,0.76,,,,,,,,,46,0.766666667,55,0.916666667,53,0.883333333,0.855555556,103,0.858333333,111,0.925,49,0.408333333,88,0.733333333,0.73125,101,0.841666667,95,0.791666667,56,0.466666667,114,0.95,0.7625,55,64,0.74375,56,62,0.7375,63,62,0.78125,8
1288,,,,,77,,0.77,,,,,,,,,53,0.883333333,53,0.883333333,57,0.95,0.905555556,94,0.783333333,114,0.95,44,0.366666667,98,0.816666667,0.729166667,116,0.966666667,98,0.816666667,109,0.908333333,97,0.808333333,0.875,49,73,0.7625,61,74,0.84375,70,65,0.84375,8
1289,,,,,58,,0.58,,,,,,,,,46,0.766666667,55,0.916666667,48,0.8,0.827777778,67,0.558333333,97,0.808333333,35,0.291666667,84,0.7,0.589583333,101,0.841666667,84,0.7,89,0.741666667,70,0.583333333,0.716666667,30,50,0.5,54,41,0.59375,52,48,0.625,6
1290,,,,,79,,0.79,,,,,,,,,50,0.833333333,58,0.966666667,53,0.883333333,0.894444444,98,0.816666667,111,0.925,52,0.433333333,84,0.7,0.71875,91,0.758333333,94,0.783333333,97,0.808333333,92,0.766666667,0.779166667,42,57,0.61875,58,51,0.68125,55,58,0.70625,7
1291,,,,,76,,0.76,,,,,,,,,42,0.7,49,0.816666667,40,0.666666667,0.727777778,90,0.75,101,0.841666667,47,0.391666667,80,0.666666667,0.6625,93,0.775,95,0.791666667,108,0.9,86,0.716666667,0.795833333,39,56,0.59375,50,43,0.58125,49,46,0.59375,7
1292,,,,,57,,0.57,,,,,,,,,38,0.633333333,46,0.766666667,44,0.733333333,0.711111111,82,0.683333333,92,0.766666667,39,0.325,58,0.483333333,0.564583333,68,0.566666667,84,0.7,,,63,0.525,0.597222222,28,39,0.41875,50,45,0.59375,38,50,0.55,6
1293,,,,,71,,0.71,,,,,,,,,50,0.833333333,52,0.866666667,47,0.783333333,0.827777778,90,0.75,111,0.925,41,0.341666667,86,0.716666667,0.683333333,105,0.875,97,0.808333333,94,0.783333333,97,0.808333333,0.81875,48,47,0.59375,59,47,0.6625,49,55,0.65,6
1294,,,,,77,,0.77,,,,,,,,,52,0.866666667,52,0.866666667,51,0.85,0.861111111,94,0.783333333,105,0.875,48,0.4,98,0.816666667,0.71875,96,0.8,89,0.741666667,106,0.883333333,93,0.775,0.8,31,56,0.54375,53,56,0.68125,50,59,0.68125,7
1295,,,,,42,,0.42,,,,,,,,,30,0.5,40,0.666666667,38,0.633333333,0.6,63,0.525,86,0.716666667,70,0.583333333,71,0.591666667,0.604166667,88,0.733333333,62,0.516666667,,,77,0.641666667,0.630555556,35,39,0.4625,49,43,0.575,41,48,0.55625,6
1296,,,,,62,,0.62,,,,,,,,,44,0.733333333,46,0.766666667,44,0.733333333,0.744444444,81,0.675,71,0.591666667,15,0.125,63,0.525,0.479166667,83,0.691666667,84,0.7,70,0.583333333,90,0.75,0.68125,43,61,0.65,55,47,0.6375,49,44,0.58125,7
1297,,,,,71,,0.71,,,,,,,,,45,0.75,49,0.816666667,40,0.666666667,0.744444444,61,0.508333333,71,0.591666667,27,0.225,63,0.525,0.4625,94,0.783333333,91,0.758333333,82,0.683333333,84,0.7,0.73125,52,64,0.725,57,60,0.73125,51,58,0.68125,7
1298,,,,,57,,0.57,,,,,,,,,41,0.683333333,45,0.75,37,0.616666667,0.683333333,70,0.583333333,90,0.75,29,0.241666667,73,0.608333333,0.545833333,79,0.658333333,66,0.55,82,0.683333333,87,0.725,0.654166667,37,57,0.5875,52,36,0.55,53,52,0.65625,7
1299,,,,,,,,,,,,,,,,49,0.816666667,51,0.85,43,0.716666667,0.794444444,73,0.608333333,93,0.775,24,0.2,85,0.708333333,0.572916667,100,0.833333333,83,0.691666667,98,0.816666667,90,0.75,0.772916667,45,50,0.59375,51,47,0.6125,58,54,0.7,8
1300,,,,,66,,0.66,,,,,,,,,38,0.633333333,46,0.766666667,38,0.633333333,0.677777778,84,0.7,81,0.675,29,0.241666667,61,0.508333333,0.53125,87,0.725,80,0.666666667,73,0.608333333,81,0.675,0.66875,36,45,0.50625,52,38,0.5625,55,39,0.5875,7
1301,,,,,87,,0.87,,,,,,,,,58,0.966666667,60,1,56,0.933333333,0.966666667,108,0.9,115,0.958333333,58,0.483333333,106,0.883333333,0.80625,111,0.925,119,0.991666667,120,1,120,1,0.979166667,60,80,0.875,80,77,0.98125,74,80,0.9625,9
1302,,,,,86,,0.86,,,,,,,,,55,0.916666667,58,0.966666667,57,0.95,0.944444444,108,0.9,113,0.941666667,49,0.408333333,101,0.841666667,0.772916667,114,0.95,113,0.941666667,116,0.966666667,110,0.916666667,0.94375,55,62,0.73125,71,64,0.84375,55,66,0.75625,9
1303,,,,,82,,0.82,,,,,,,,,53,0.883333333,54,0.9,51,0.85,0.877777778,89,0.741666667,100,0.833333333,97,0.808333333,93,0.775,0.789583333,105,0.875,94,0.783333333,89,0.741666667,88,0.733333333,0.783333333,53,51,0.65,65,50,0.71875,51,54,0.65625,8
1304,,,,,82,,0.82,,,,,,,,,47,0.783333333,55,0.916666667,41,0.683333333,0.794444444,76,0.633333333,104,0.866666667,101,0.841666667,86,0.716666667,0.764583333,99,0.825,105,0.875,100,0.833333333,99,0.825,0.839583333,49,68,0.73125,60,60,0.75,62,64,0.7875,8
1305,,,,,78,,0.78,,,,,,,,,50,0.833333333,49,0.816666667,50,0.833333333,0.827777778,90,0.75,106,0.883333333,102,0.85,93,0.775,0.814583333,105,0.875,106,0.883333333,102,0.85,106,0.883333333,0.872916667,49,65,0.7125,76,70,0.9125,63,63,0.7875,8
1306,,,,,86,,0.86,,,,,,,,,50,0.833333333,51,0.85,54,0.9,0.861111111,89,0.741666667,105,0.875,106,0.883333333,102,0.85,0.8375,99,0.825,106,0.883333333,93,0.775,100,0.833333333,0.829166667,45,65,0.6875,48,57,0.65625,58,54,0.7,8
1307,,,,,77,,0.77,,,,,,,,,51,0.85,54,0.9,50,0.833333333,0.861111111,94,0.783333333,108,0.9,104,0.866666667,87,0.725,0.81875,109,0.908333333,104,0.866666667,111,0.925,114,0.95,0.9125,55,73,0.8,74,64,0.8625,69,67,0.85,8
1308,,,,,,,,,,,,,,,,40,0.666666667,50,0.833333333,45,0.75,0.75,77,0.641666667,93,0.775,91,0.758333333,78,0.65,0.70625,92,0.766666667,92,0.766666667,98,0.816666667,93,0.775,0.78125,42,61,0.64375,57,60,0.73125,53,67,0.75,8
1309,,,,,76,,0.76,,,,,,,,,42,0.7,50,0.833333333,40,0.666666667,0.733333333,72,0.6,81,0.675,79,0.658333333,71,0.591666667,0.63125,100,0.833333333,95,0.791666667,,,90,0.75,0.791666667,32,36,0.425,32,39,0.44375,39,42,0.50625,6
1310,,,,,69,,0.69,,,,,,,,,45,0.75,42,0.7,46,0.766666667,0.738888889,79,0.658333333,99,0.825,96,0.8,89,0.741666667,0.75625,82,0.683333333,104,0.866666667,104,0.866666667,98,0.816666667,0.808333333,42,53,0.59375,51,55,0.6625,57,52,0.68125,8
1311,,,,,,,,,,,,,,,,36,0.6,49,0.816666667,31,0.516666667,0.644444444,61,0.508333333,82,0.683333333,74,0.616666667,76,0.633333333,0.610416667,84,0.7,65,0.541666667,86,0.716666667,85,0.708333333,0.666666667,43,47,0.5625,42,44,0.5375,48,43,0.56875,6
1312,,,,,70,,0.7,,,,,,,,,47,0.783333333,45,0.75,35,0.583333333,0.705555556,80,0.666666667,90,0.75,87,0.725,85,0.708333333,0.7125,98,0.816666667,107,0.891666667,87,0.725,46,0.383333333,0.704166667,52,63,0.71875,58,46,0.65,59,65,0.775,8
1313,,,,,60,,0.6,,,,,,,,,50,0.833333333,47,0.783333333,32,0.533333333,0.716666667,67,0.558333333,74,0.616666667,68,0.566666667,69,0.575,0.579166667,81,0.675,82,0.683333333,70,0.583333333,75,0.625,0.641666667,33,52,0.53125,41,40,0.50625,40,55,0.59375,7
1314,,,,,72,,0.72,,,,,,,,,43,0.716666667,40,0.666666667,40,0.666666667,0.683333333,83,0.691666667,86,0.716666667,91,0.758333333,70,0.583333333,0.6875,85,0.708333333,83,0.691666667,89,0.741666667,90,0.75,0.722916667,42,55,0.60625,65,57,0.7625,50,54,0.65,7
1315,,,,,80,,0.8,,,,,,,,,54,0.9,51,0.85,53,0.883333333,0.877777778,85,0.708333333,96,0.8,84,0.7,94,0.783333333,0.747916667,106,0.883333333,100,0.833333333,99,0.825,105,0.875,0.854166667,55,63,0.7375,59,61,0.75,64,66,0.8125,8
1316,,,,,61,,0.61,,,,,,,,,39,0.65,40,0.666666667,41,0.683333333,0.666666667,48,0.4,79,0.658333333,63,0.525,65,0.541666667,0.53125,86,0.716666667,79,0.658333333,,,89,0.741666667,0.705555556,34,40,0.4625,54,47,0.63125,45,54,0.61875,7
1317,,,,,,,,,,,,,,,,25,0.416666667,35,0.583333333,29,0.483333333,0.494444444,40,0.333333333,,,70,0.583333333,49,0.408333333,0.441666667,68,0.566666667,75,0.625,57,0.475,79,0.658333333,0.58125,35,48,0.51875,41,43,0.525,46,51,0.60625,6
1318,,,,,,,,,,,,,,,,47,0.783333333,49,0.816666667,50,0.833333333,0.811111111,78,0.65,96,0.8,101,0.841666667,97,0.808333333,0.775,104,0.866666667,100,0.833333333,99,0.825,108,0.9,0.85625,52,70,0.7625,71,58,0.80625,68,67,0.84375,8
1319,,,,,99,,0.99,,,,,,,,,55,0.916666667,60,1,55,0.916666667,0.944444444,114,0.95,117,0.975,113,0.941666667,114,0.95,0.954166667,114,0.95,116,0.966666667,118,0.983333333,117,0.975,0.96875,60,68,0.8,78,72,0.9375,76,77,0.95625,9
1320,,,,,45,,0.45,,,,,,,,,39,0.65,42,0.7,39,0.65,0.666666667,61,0.508333333,85,0.708333333,79,0.658333333,84,0.7,0.64375,46,0.383333333,92,0.766666667,99,0.825,91,0.758333333,0.683333333,44,49,0.58125,47,45,0.575,41,55,0.6,7
1321,,,,,89,,0.89,,,,,,,,,54,0.9,56,0.933333333,49,0.816666667,0.883333333,98,0.816666667,107,0.891666667,102,0.85,88,0.733333333,0.822916667,107,0.891666667,112,0.933333333,102,0.85,108,0.9,0.89375,60,73,0.83125,72,74,0.9125,75,72,0.91875,9
1322,,,,,,,,,,,,,,,,34,0.566666667,34,0.566666667,30,0.5,0.544444444,37,0.308333333,,,57,0.475,74,0.616666667,0.466666667,77,0.641666667,83,0.691666667,84,0.7,91,0.758333333,0.697916667,38,48,0.5375,42,43,0.53125,53,56,0.68125,8
1323,,,,,75,,0.75,,,,,,,,,50,0.833333333,60,1,53,0.883333333,0.905555556,90,0.75,99,0.825,91,0.758333333,98,0.816666667,0.7875,95,0.791666667,89,0.741666667,85,0.708333333,95,0.791666667,0.758333333,50,56,0.6625,58,61,0.74375,50,58,0.675,7
1324,,,,,86,,0.86,,,,,,,,,45,0.75,,,47,0.783333333,0.766666667,85,0.708333333,99,0.825,92,0.766666667,102,0.85,0.7875,102,0.85,110,0.916666667,102,0.85,96,0.8,0.854166667,51,64,0.71875,59,49,0.675,65,65,0.8125,9
1325,,,,,,,,,,,,,,,,39,0.65,41,0.683333333,43,0.716666667,0.683333333,57,0.475,,,74,0.616666667,62,0.516666667,0.536111111,91,0.758333333,88,0.733333333,89,0.741666667,102,0.85,0.770833333,49,50,0.61875,60,47,0.66875,54,54,0.675,7
1326,,,,,,,,,,,,,,,,22,0.366666667,30,0.5,34,0.566666667,0.477777778,48,0.4,,,72,0.6,81,0.675,0.558333333,88,0.733333333,69,0.575,81,0.675,81,0.675,0.664583333,34,47,0.50625,57,56,0.70625,50,46,0.6,7
1327,,,,,48,,0.48,,,,,,,,,,,34,0.566666667,43,0.716666667,0.641666667,49,0.408333333,,,64,0.533333333,54,0.45,0.463888889,70,0.583333333,51,0.425,64,0.533333333,67,0.558333333,0.525,31,56,0.54375,35,44,0.49375,47,61,0.675,6
1328,,,,,,,,,,,,,,,,32,0.533333333,47,0.783333333,32,0.533333333,0.616666667,66,0.55,71,0.591666667,68,0.566666667,72,0.6,0.577083333,78,0.65,62,0.516666667,65,0.541666667,69,0.575,0.570833333,37,47,0.525,51,50,0.63125,35,56,0.56875,7
1329,,,,,84,,0.84,,,,,,,,,49,0.816666667,48,0.8,43,0.716666667,0.777777778,106,0.883333333,106,0.883333333,88,0.733333333,78,0.65,0.7875,97,0.808333333,78,0.65,80,0.666666667,84,0.7,0.70625,45,50,0.59375,39,56,0.59375,56,55,0.69375,7
1330,,,,,79,,0.79,,,,,,,,,55,0.916666667,60,1,52,0.866666667,0.927777778,107,0.891666667,116,0.966666667,112,0.933333333,109,0.908333333,0.925,116,0.966666667,116,0.966666667,112,0.933333333,112,0.933333333,0.95,59,80,0.86875,76,77,0.95625,72,75,0.91875,9
1331,,,,,,,,,,,,,,,,,,,,,,,,,,,62,0.516666667,39,0.325,0.420833333,64,0.533333333,46,0.383333333,68,0.566666667,38,0.316666667,0.45,35,36,0.44375,38,34,0.45,40,47,0.54375,6
1332,,,,,,,,,,,,,,,,25,0.416666667,32,0.533333333,31,0.516666667,0.488888889,,,,,,,,,,58,0.483333333,50,0.416666667,53,0.441666667,59,0.491666667,0.458333333,28,36,0.4,43,31,0.4625,38,39,0.48125,5
1333,,,,,16,,0.16,,,,,,,,,20,0.333333333,33,0.55,,,0.441666667,48,0.4,52,0.433333333,57,0.475,41,0.341666667,0.4125,58,0.483333333,35,0.291666667,57,0.475,58,0.483333333,0.433333333,26,40,0.4125,43,32,0.46875,45,36,0.50625,6
1334,,,,,23,,0.23,,,,,,,,,25,0.416666667,39,0.65,22,0.366666667,0.477777778,58,0.483333333,72,0.6,73,0.608333333,49,0.408333333,0.525,78,0.65,78,0.65,73,0.608333333,73,0.608333333,0.629166667,32,40,0.45,34,37,0.44375,43,43,0.5375,6
1335,,,,,36,,0.36,,,,,,,,,33,0.55,41,0.683333333,31,0.516666667,0.583333333,54,0.45,72,0.6,62,0.516666667,59,0.491666667,0.514583333,67,0.558333333,70,0.583333333,65,0.541666667,67,0.558333333,0.560416667,32,43,0.46875,40,42,0.5125,41,37,0.4875,5
1336,,,,,39,,0.39,,,,,,,,,26,0.433333333,42,0.7,41,0.683333333,0.605555556,50,0.416666667,60,0.5,,,48,0.4,0.438888889,69,0.575,54,0.45,62,0.516666667,60,0.5,0.510416667,30,35,0.40625,49,34,0.51875,46,47,0.58125,6
1337,,,,,,,,,,,,,,,,40,0.666666667,40,0.666666667,24,0.4,0.577777778,40,0.333333333,72,0.6,53,0.441666667,57,0.475,0.4625,79,0.658333333,86,0.716666667,59,0.491666667,72,0.6,0.616666667,39,46,0.53125,42,39,0.50625,46,41,0.54375,6
1338,,,,,50,,0.5,,,,,,,,,45,0.75,35,0.583333333,41,0.683333333,0.672222222,62,0.516666667,86,0.716666667,80,0.666666667,67,0.558333333,0.614583333,68,0.566666667,60,0.5,66,0.55,76,0.633333333,0.5625,30,30,0.375,42,49,0.56875,40,58,0.6125,7
1339,,,,,18,,0.18,,,,,,,,,15,0.25,,,10,0.166666667,0.208333333,,,,,,,,,,57,0.475,35,0.291666667,31,0.258333333,53,0.441666667,0.366666667,29,36,0.40625,37,44,0.50625,38,41,0.49375,6
1340,,,,,30,,0.3,,,,,,,,,19,0.316666667,19,0.316666667,17,0.283333333,0.305555556,62,0.516666667,74,0.616666667,56,0.466666667,30,0.25,0.4625,59,0.491666667,55,0.458333333,59,0.491666667,55,0.458333333,0.475,31,31,0.3875,41,37,0.4875,47,40,0.54375,6
1341,,,,,,,,,,,,,,,,42,0.7,43,0.716666667,38,0.633333333,0.683333333,68,0.566666667,80,0.666666667,67,0.558333333,57,0.475,0.566666667,85,0.708333333,76,0.633333333,84,0.7,92,0.766666667,0.702083333,46,49,0.59375,40,36,0.475,54,56,0.6875,8
1342,,,,,50,,0.5,,,,,,,,,37,0.616666667,31,0.516666667,33,0.55,0.561111111,36,0.3,42,0.35,48,0.4,29,0.241666667,0.322916667,62,0.516666667,45,0.375,53,0.441666667,48,0.4,0.433333333,33,36,0.43125,34,30,0.4,39,22,0.38125,4
1343,,,,,37,,0.37,,,,,,,,,9,0.15,39,0.65,24,0.4,0.4,53,0.441666667,60,0.5,58,0.483333333,41,0.341666667,0.441666667,62,0.516666667,59,0.491666667,64,0.533333333,62,0.516666667,0.514583333,23,34,0.35625,41,34,0.46875,34,32,0.4125,5
1344,,,,,24,,0.24,,,,,,,,,45,0.75,43,0.716666667,,,0.733333333,86,0.716666667,74,0.616666667,11,0.091666667,65,0.541666667,0.491666667,71,0.591666667,73,0.608333333,88,0.733333333,79,0.658333333,0.647916667,35,49,0.525,41,46,0.54375,56,48,0.65,7
1345,,,,,26,,0.26,,,,,,,,,30,0.5,32,0.533333333,22,0.366666667,0.466666667,39,0.325,51,0.425,54,0.45,41,0.341666667,0.385416667,55,0.458333333,46,0.383333333,43,0.358333333,43,0.358333333,0.389583333,28,32,0.375,27,29,0.35,36,22,0.3625,5
1346,,,,,29,,0.29,,,,,,,,,30,0.5,40,0.666666667,26,0.433333333,0.533333333,57,0.475,78,0.65,78,0.65,67,0.558333333,0.583333333,61,0.508333333,28,0.233333333,56,0.466666667,59,0.491666667,0.425,25,32,0.35625,50,37,0.54375,51,32,0.51875,6
1347,,,,,45,,0.45,,,,,,,,,32,0.533333333,35,0.583333333,24,0.4,0.505555556,42,0.35,56,0.466666667,54,0.45,42,0.35,0.404166667,52,0.433333333,39,0.325,47,0.391666667,45,0.375,0.38125,30,28,0.3625,,,,27,30,0.35625,4
1348,,,,,,,,,,,,,,,,26,0.433333333,25,0.416666667,9,0.15,0.333333333,,,,,,,,,,,,,,,,,,,,,,,,,28,33,0.38125,5
1349,,,,,,,,,,,,,,,,37,0.616666667,28,0.466666667,32,0.533333333,0.538888889,48,0.4,63,0.525,71,0.591666667,58,0.483333333,0.5,76,0.633333333,87,0.725,75,0.625,88,0.733333333,0.679166667,47,63,0.6875,66,66,0.825,59,58,0.73125,8
1350,,,,,58,,0.58,,,,,,,,,39,0.65,44,0.733333333,21,0.35,0.577777778,66,0.55,70,0.583333333,25,0.208333333,,,0.447222222,51,0.425,49,0.408333333,56,0.466666667,62,0.516666667,0.454166667,30,52,0.5125,48,50,0.6125,41,44,0.53125,6
1351,,,,,46,,0.46,,,,,,,,,30,0.5,44,0.733333333,24,0.4,0.544444444,48,0.4,72,0.6,75,0.625,58,0.483333333,0.527083333,80,0.666666667,82,0.683333333,74,0.616666667,76,0.633333333,0.65,47,53,0.625,42,46,0.55,44,48,0.575,7
1352,,,,,32,,0.32,,,,,,,,,20,0.333333333,43,0.716666667,33,0.55,0.533333333,58,0.483333333,60,0.5,55,0.458333333,29,0.241666667,0.420833333,66,0.55,57,0.475,81,0.675,65,0.541666667,0.560416667,33,38,0.44375,46,30,0.475,42,40,0.5125,6
1353,,,,,36,,0.36,,,,,,,,,34,0.566666667,40,0.666666667,30,0.5,0.577777778,64,0.533333333,58,0.483333333,70,0.583333333,74,0.616666667,0.554166667,82,0.683333333,69,0.575,70,0.583333333,80,0.666666667,0.627083333,30,43,0.45625,44,36,0.5,34,34,0.425,5
1354,,,,,14,,0.14,,,,,,,,,26,0.433333333,36,0.6,32,0.533333333,0.522222222,49,0.408333333,61,0.508333333,77,0.641666667,58,0.483333333,0.510416667,71,0.591666667,61,0.508333333,70,0.583333333,57,0.475,0.539583333,35,47,0.5125,39,48,0.54375,47,37,0.525,6
1355,,,,,23,,0.23,,,,,,,,,29,0.483333333,31,0.516666667,20,0.333333333,0.444444444,42,0.35,54,0.45,51,0.425,37,0.308333333,0.383333333,51,0.425,71,0.591666667,59,0.491666667,63,0.525,0.508333333,30,30,0.375,38,50,0.55,49,47,0.6,7
1356,,,,,,,,,,,,,,,,42,0.7,38,0.633333333,37,0.616666667,0.65,45,0.375,61,0.508333333,52,0.433333333,,,0.438888889,58,0.483333333,64,0.533333333,21,0.175,51,0.425,0.404166667,35,40,0.46875,35,33,0.425,34,30,0.4,6
1357,,,,,,,,,,,,,,,,22,0.366666667,44,0.733333333,27,0.45,0.516666667,56,0.466666667,,,39,0.325,42,0.35,0.380555556,55,0.458333333,49,0.408333333,66,0.55,65,0.541666667,0.489583333,40,44,0.525,41,41,0.5125,32,37,0.43125,6
1358,,,,,,,,,,,,,,,,20,0.333333333,29,0.483333333,16,0.266666667,0.361111111,,,,,,,,,,79,0.658333333,65,0.541666667,52,0.433333333,63,0.525,0.539583333,27,33,0.375,30,31,0.38125,35,34,0.43125,6
1359,,,,,,,,,,,,,,,,29,0.483333333,34,0.566666667,27,0.45,0.5,28,0.233333333,,,50,0.416666667,26,0.216666667,0.288888889,47,0.391666667,41,0.341666667,46,0.383333333,41,0.341666667,0.364583333,31,30,0.38125,34,33,0.41875,41,26,0.41875,6
1360,,,,,,,,,,,,,,,,31,0.516666667,32,0.533333333,25,0.416666667,0.488888889,37,0.308333333,,,53,0.441666667,35,0.291666667,0.347222222,61,0.508333333,45,0.375,42,0.35,46,0.383333333,0.404166667,32,33,0.40625,42,42,0.525,35,32,0.41875,6
1361,,,,,,,,,,,,,,,,26,0.433333333,28,0.466666667,23,0.383333333,0.427777778,,,,,,,,,,61,0.508333333,51,0.425,49,0.408333333,65,0.541666667,0.470833333,30,41,0.44375,38,31,0.43125,31,35,0.4125,5
1362,,,,,,,,,,,,,,,,13,0.216666667,19,0.316666667,20,0.333333333,0.288888889,16,0.133333333,,,31,0.258333333,30,0.25,0.213888889,44,0.366666667,29,0.241666667,29,0.241666667,31,0.258333333,0.277083333,23,18,0.25625,33,25,0.3625,29,17,0.2875,4
1363,,,,,,,,,,,,,,,,23,0.383333333,29,0.483333333,32,0.533333333,0.466666667,22,0.183333333,,,21,0.175,25,0.208333333,0.188888889,45,0.375,47,0.391666667,36,0.3,46,0.383333333,0.3625,32,29,0.38125,22,23,0.28125,14,25,0.24375,4
1364,,,,,,,,,,,,,,,,30,0.5,39,0.65,39,0.65,0.6,49,0.408333333,50,0.416666667,65,0.541666667,57,0.475,0.460416667,56,0.466666667,10,0.083333333,29,0.241666667,24,0.2,0.247916667,23,35,0.3625,19,27,0.2875,,,,5
1365,,,,,,,,,,,,,,,,35,0.583333333,36,0.6,35,0.583333333,0.588888889,48,0.4,,,63,0.525,37,0.308333333,0.411111111,63,0.525,56,0.466666667,58,0.483333333,50,0.416666667,0.472916667,25,32,0.35625,28,33,0.38125,31,31,0.3875,5
1366,,,,,,,,,,,,,,,,20,0.333333333,29,0.483333333,29,0.483333333,0.433333333,26,0.216666667,,,31,0.258333333,,,0.2375,34,0.283333333,40,0.333333333,37,0.308333333,37,0.308333333,0.308333333,28,17,0.28125,21,27,0.3,27,31,0.3625,5
1367,,,,,50,,0.5,,,,,,,,,36,0.6,31,0.516666667,25,0.416666667,0.511111111,41,0.341666667,43,0.358333333,46,0.383333333,46,0.383333333,0.366666667,55,0.458333333,46,0.383333333,41,0.341666667,35,0.291666667,0.36875,18,31,0.30625,24,34,0.3625,35,32,0.41875,5
1368,,,,,,,,,,,,,,,,42,0.7,40,0.666666667,28,0.466666667,0.611111111,49,0.408333333,,,57,0.475,48,0.4,0.427777778,59,0.491666667,63,0.525,50,0.416666667,61,0.508333333,0.485416667,27,43,0.4375,29,27,0.35,34,20,0.3375,5
1369,,,,,,,,,,,,,,,,,,27,0.45,38,0.633333333,0.541666667,46,0.383333333,58,0.483333333,39,0.325,51,0.425,0.404166667,60,0.5,56,0.466666667,43,0.358333333,44,0.366666667,0.422916667,27,23,0.3125,30,23,0.33125,34,26,0.375,4
1370,,,,,43,,0.43,,,,,,,,,27,0.45,43,0.716666667,23,0.383333333,0.516666667,52,0.433333333,,,47,0.391666667,39,0.325,0.383333333,53,0.441666667,20,0.166666667,31,0.258333333,22,0.183333333,0.2625,13,20,0.20625,,,,19,25,0.275,4
1371,,,,,,,,,,,,,,,,36,0.6,38,0.633333333,38,0.633333333,0.622222222,47,0.391666667,,,37,0.308333333,36,0.3,0.333333333,57,0.475,47,0.391666667,41,0.341666667,44,0.366666667,0.39375,30,30,0.375,33,42,0.46875,46,31,0.48125,6
1372,,,,,,,,,,,,,,,,,,,,,,,,,,,,,,,,,,,,42,0.35,57,0.475,0.4125,32,44,0.475,39,32,0.44375,41,40,0.50625,6
1373,,,,,,,,,,,,,,,,34,0.566666667,39,0.65,36,0.6,0.605555556,51,0.425,,,62,0.516666667,47,0.391666667,0.444444444,50,0.416666667,46,0.383333333,51,0.425,52,0.433333333,0.414583333,11,28,0.24375,25,23,0.3,28,34,0.3875,5
1374,,,,,,,,,,,,,,,,29,0.483333333,19,0.316666667,26,0.433333333,0.411111111,62,0.516666667,,,57,0.475,58,0.483333333,0.491666667,75,0.625,73,0.608333333,71,0.591666667,75,0.625,0.6125,35,38,0.45625,44,41,0.53125,47,46,0.58125,7
1375,,,,,46,,0.46,,,,,,,,,41,0.683333333,49,0.816666667,32,0.533333333,0.677777778,53,0.441666667,,,47,0.391666667,38,0.316666667,0.383333333,70,0.583333333,55,0.458333333,32,0.266666667,44,0.366666667,0.41875,26,28,0.3375,36,35,0.44375,26,24,0.3125,5
1376,,,,,,,,,,,,,,,,37,0.616666667,31,0.516666667,28,0.466666667,0.533333333,,,,,,,,,,70,0.583333333,65,0.541666667,64,0.533333333,75,0.625,0.570833333,31,47,0.4875,35,35,0.4375,49,28,0.48125,6
1377,,,,,,,,,,,,,,,,34,0.566666667,31,0.516666667,26,0.433333333,0.505555556,,,,,,,,,,66,0.55,53,0.441666667,52,0.433333333,46,0.383333333,0.452083333,32,36,0.425,40,38,0.4875,41,42,0.51875,7
1378,,,,,,,,,,,,,,,,,,,,,,,,0.475,,0.575,,,,,,,,,,,,,,0.55,,,0.44375,,,0.404166667,,,0.5375,7
1379,26,0.371428571,12,0.171428571,,,0.271428571,,,,,,,,,,,,,,,,,,,,,,,,,,,,,,,,,,,,,,,0.245833333,,,0.395833333,5
1380,32,0.457142857,30,0.428571429,,,0.442857143,25,0.416666667,,,34,0.566666667,30,0.5,,,,,,,0.494444444,,0.491666667,,0.583333333,,,,,0.494444444,,,,,,,,,0.5,,,0.40625,,,0.379166667,,,0.5125,6
1381,,,,,,,,,,,,,,,,,,,,,,,,0.458333333,,0.475,,,,,,,,,,,,,,0.508333333,,,0.24375,,,0.270833333,,,0.395833333,5
1382,31,0.442857143,31,0.442857143,,,0.442857143,30,0.5,,,40,0.666666667,38,0.633333333,,,,,,,0.6,,0.708333333,,0.583333333,,0.716666667,,,0.658333333,,,,,,,,,0.7125,,,0.5625,,,0.383333333,,,0.541666667,7
1383,49,0.7,40,0.571428571,,,0.635714286,35,0.583333333,41,0.455555556,35,0.583333333,29,0.483333333,,,,,,,0.526388889,,0.725,,0.758333333,,0.866666667,,,0.696527778,,,,,,,,,0.8125,,,0.79375,,,0.641666667,,,0.7875,9
1384,,,,,,,,,,,,,,,,,,,,,,,,0.508333333,,0.616666667,,0.566666667,,,0.566666667,,,,,,,,,0.472222222,,,0.55,,,0.529166667,,,0.604166667,8
1385,,,,,,,,,,,,,,,,,,,,,,,,,,,,,,,,,,,,,,,,0.572222222,,,0.725,,,0.641666667,,,0.779166667,9
1386,48,0.685714286,37,0.528571429,,,0.607142857,60,1,,,,,,,,,,,,,1,,0.891666667,,0.833333333,,0.958333333,,,0.979166667,,,,,,,,,0.908333333,,,0.875,,,0.85,,,0.879166667,9
1387,58,0.828571429,43,0.614285714,,,0.721428571,50,0.833333333,58,0.644444444,37,0.616666667,36,0.6,,,,,,,0.673611111,,0.775,,0.825,,0.858333333,,,0.765972222,,,,,,,,,0.75,,,0.7625,,,0.641666667,,,0.675,8
1388,36,0.514285714,18,0.257142857,,,0.385714286,22,0.366666667,,,34,0.566666667,24,0.4,,,,,,,0.444444444,,0.508333333,,0.608333333,,,,,0.444444444,,,,,,,,,0.6,,,0.46875,,,0.370833333,,,0.566666667,8
1389,45,0.642857143,31,0.442857143,,,0.542857143,44,0.733333333,64,0.711111111,52,0.866666667,42,0.7,,,,,,,0.752777778,,0.825,,0.758333333,,0.833333333,,,0.793055556,,,,,,,,,0.766666667,,,0.81875,,,0.725,,,0.7625,8
1390,,,,,,,,,,,,,,,,,,,,,,,,0.6,,0.516666667,,,,,,,,,,,,,,0.438888889,,,0.3,,,0.391666667,,,0.666666667,9
1391,,,,,,,,,,,,,,,,,,,,,,,,0.6,,0.808333333,,,,,,,,,,,,,,0.8,,,0.6375,,,0.458333333,,,0.558333333,7
1392,40,0.571428571,16,0.228571429,,,0.4,44,0.733333333,,,46,0.766666667,51,0.85,,,,,,,0.783333333,,0.833333333,,0.758333333,,0.85,,,0.816666667,,,,,,,,,0.891666667,,,0.825,,,0.6625,,,0.7125,8
1393,,,,,,,,45,0.75,,,48,0.8,32,0.533333333,,,,,,,0.694444444,,0.616666667,,0.658333333,,0.55,,,0.622222222,,,,,,,,,0.611111111,,,0.675,,,0.595833333,,,0.708333333,8
1394,,,,,,,,,,,,42,0.7,32,0.533333333,,,,,,,0.616666667,,0.675,,0.7,,0.733333333,,,0.675,,,,,,,,,0.705555556,,,0.7875,,,0.725,,,0.7375,9
1395,37,0.528571429,37,0.528571429,,,0.528571429,43,0.716666667,35,0.388888889,44,0.733333333,30,0.5,,,,,,,0.584722222,,0.725,,0.775,,0.825,,,0.704861111,,,,,,,,,0.608333333,,,0.56875,,,0.529166667,,,0.6,8
1396,33,0.471428571,32,0.457142857,,,0.464285714,45,0.75,66,0.733333333,37,0.616666667,43,0.716666667,,,,,,,0.704166667,,0.683333333,,0.641666667,,0.741666667,,,0.722916667,,,,,,,,,0.645833333,,,0.61875,,,0.4625,,,0.5875,7
1397,36,0.514285714,29,0.414285714,,,0.464285714,29,0.483333333,,,41,0.683333333,36,0.6,,,,,,,0.588888889,,0.525,,0.55,,0.641666667,,,0.615277778,,,,,,,,,0.55,,,0.35,,,0.4,,,0.633333333,8
1398,47,0.671428571,29,0.414285714,,,0.542857143,44,0.733333333,39,0.433333333,38,0.633333333,32,0.533333333,,,,,,,0.583333333,,0.675,,0.833333333,,0.85,,,0.716666667,,,,,,,,,0.875,,,0.8625,,,0.695833333,,,0.866666667,9
1399,43,0.614285714,40,0.571428571,,,0.592857143,45,0.75,62,0.688888889,40,0.666666667,28,0.466666667,,,,,,,0.643055556,,0.758333333,,0.775,,0.666666667,,,0.654861111,,,,,,,,,0.775,,,0.80625,,,0.695833333,,,0.795833333,9
1400,,,,,,,,,,65,0.722222222,39,0.65,38,0.633333333,,,,,,,0.668518519,,0.658333333,,0.816666667,,0.808333333,,,0.738425926,,,,,,,,,0.683333333,,,0.8125,,,0.675,,,0.808333333,9
1401,38,0.542857143,18,0.257142857,,,0.4,29,0.483333333,,,35,0.583333333,20,0.333333333,,,,,,,0.466666667,,0.533333333,,0.741666667,,0.483333333,,,0.475,,,,,,,,,0.466666667,,,0.4125,,,0.291666667,,,0.458333333,6
1402,,,,,,,,,,,,,,,,,,,,,,,,,,,,,,,,,,,,,,,,,,,,,,0.4375,,,0.5375,6
1403,53,0.757142857,28,0.4,,,0.578571429,56,0.933333333,61,0.677777778,37,0.616666667,36,0.6,,,,,,,0.706944444,,0.583333333,,0.758333333,,0.8,,,0.753472222,,,,,,,,,0.791666667,,,0.6375,,,0.608333333,,,0.608333333,6
1404,,,,,,,,,,,,,,,,,,,,,,,,,,,,,,,,,,,,,,,,0.55,,,0.44375,,,0.295833333,,,0.45,6
1405,35,0.5,19,0.271428571,,,0.385714286,46,0.766666667,,,48,0.8,33,0.55,,,,,,,0.705555556,,0.616666667,,0.691666667,,0.641666667,,,0.673611111,,,,,,,,,0.644444444,,,0.6625,,,0.6125,,,0.645833333,7
1406,,,,,,,,,,,,,,,,,,,,,,,,,,,,,,,,,,,,,,,,,,,,,,,,,0.4625,6
1407,,,,,,,,,,,,33,0.55,25,0.416666667,,,,,,,0.483333333,,0.458333333,,0.658333333,,0.575,,,0.529166667,,,,,,,,,0.577777778,,,0.575,,,0.6125,,,0.683333333,8
1408,,,,,,,,,,,,,,,,,,,,,,,,,,,,,,,,,,,,,,,,,,,,,,,,,0.325,5
1409,,,,,,,,,,,,,,,,,,,,,,,,0.558333333,,0.541666667,,,,,,,,,,,,,,0.516666667,,,0.34375,,,0.395833333,,,0.529166667,6
1410,41,0.585714286,23,0.328571429,,,0.457142857,54,0.9,45,0.5,31,0.516666667,30,0.5,,,,,,,0.604166667,,0.525,,0.65,,,,,0.604166667,,,,,,,,,0.65,,,0.6,,,0.545833333,,,0.625,7
1411,,,,,,,,,,,,44,0.733333333,37,0.616666667,,,,,,,0.675,,0.858333333,,0.925,,0.825,,,0.75,,,,,,,,,0.841666667,,,0.93125,,,0.733333333,,,0.895833333,9
1412,53,0.757142857,44,0.628571429,,,0.692857143,60,1,70,0.777777778,46,0.766666667,43,0.716666667,,,,,,,0.815277778,,0.833333333,,0.866666667,,0.866666667,,,0.840972222,,,,,,,,,0.895833333,,,0.7625,,,0.7125,,,0.779166667,9
1413,37,0.528571429,29,0.414285714,,,0.471428571,37,0.616666667,,,54,0.9,33,0.55,,,,,,,0.688888889,,0.8,,0.783333333,,0.791666667,,,0.740277778,,,,,,,,,0.608333333,,,0.775,,,0.625,,,0.7875,9
1414,22,0.314285714,12,0.171428571,,,0.242857143,,,,,,,,,,,,,,,,,,,,,,,,,,,,,,,,,0.5,,,0.41875,,,0.3625,,,0.475,5
1415,28,0.4,19,0.271428571,,,0.335714286,16,0.266666667,,,37,0.616666667,24,0.4,,,,,,,0.427777778,,,,,,,,,0.427777778,,,,,,,,,0.458333333,,,0.4,,,0.391666667,,,0.358333333,4
1416,34,0.485714286,17,0.242857143,,,0.364285714,40,0.666666667,,,41,0.683333333,31,0.516666667,,,,,,,0.622222222,,0.5,,0.608333333,,0.708333333,,,0.665277778,,,,,,,,,0.391666667,,,0.5625,,,0.466666667,,,0.591666667,6
1417,,,,,,,,24,0.4,,,24,0.4,13,0.216666667,,,,,,,0.338888889,,,,,,,,,0.338888889,,,,,,,,,,,,,,,0.383333333,,,0.383333333,5
1418,58,0.828571429,48,0.685714286,,,0.757142857,41,0.683333333,65,0.722222222,51,0.85,43,0.716666667,,,,,,,0.743055556,,0.733333333,,0.766666667,,0.925,,,0.834027778,,,,,,,,,0.875,,,0.9625,,,0.845833333,,,0.891666667,9
1419,,,,,,,,,,,,,,,,,,,,,,,,,,,,,,,,,,,,,,,,0.311111111,,,0.28125,,,0.333333333,,,0.383333333,5
1420,49,0.7,35,0.5,,,0.6,53,0.883333333,66,0.733333333,32,0.533333333,8,0.133333333,,,,,,,0.570833333,,0.325,,0.375,,0.55,,,0.560416667,,,,,,,,,0.533333333,,,0.325,,,0.204166667,,,0.241666667,4
1421,28,0.4,26,0.371428571,,,0.385714286,37,0.616666667,,,47,0.783333333,37,0.616666667,,,,,,,0.672222222,,0.658333333,,0.858333333,,0.65,,,0.661111111,,,,,,,,,0.766666667,,,0.675,,,0.6,,,0.704166667,7
1422,44,0.628571429,19,0.271428571,,,0.45,25,0.416666667,,,,,32,0.533333333,,,,,,,0.475,,0.575,,0.708333333,,,,,0.475,,,,,,,,,0.65,,,0.625,,,0.391666667,,,0.566666667,6
1423,,,,,,,,7,0.116666667,,,7,0.116666667,5,0.083333333,,,,,,,0.105555556,,0.308333333,,0.4,,,,,0.105555556,,,,,,,,,0.355555556,,,0.25625,,,0.170833333,,,0.191666667,4
1424,55,0.785714286,47,0.671428571,,,0.728571429,54,0.9,68,0.755555556,53,0.883333333,31,0.516666667,,,,,,,0.763888889,,0.833333333,,0.816666667,,0.925,,,0.844444444,,,,,,,,,0.825,,,0.74375,,,0.458333333,,,0.583333333,7
1425,37,0.528571429,32,0.457142857,,,0.492857143,48,0.8,67,0.744444444,23,0.383333333,20,0.333333333,,,,,,,0.565277778,,0.625,,0.675,,0.775,,,0.670138889,,,,,,,,,0.766666667,,,0.7125,,,0.633333333,,,0.75,8
1426,52,0.742857143,35,0.5,,,0.621428571,59,0.983333333,67,0.744444444,50,0.833333333,45,0.75,,,,,,,0.827777778,,0.741666667,,0.85,,0.966666667,,,0.897222222,,,,,,,,,0.933333333,,,0.925,,,0.8125,,,0.925,9
1427,37,0.528571429,30,0.428571429,,,0.478571429,45,0.75,66,0.733333333,33,0.55,19,0.316666667,,,,,,,0.5875,,0.441666667,,0.591666667,,,,,0.5875,,,,,,,,,0.45,,,0.4375,,,0.375,,,0.454166667,6
1428,,,,,,,,,,,,,,,,,,,,,,,,0.325,,0.333333333,,0.458333333,,,0.458333333,,,,,,,,,0.477777778,,,0.35,,,0.383333333,,,0.545833333,6
1429,60,0.857142857,60,0.857142857,,,0.857142857,55,0.916666667,75,0.833333333,43,0.716666667,50,0.833333333,,,,,,,0.825,,0.825,,0.908333333,,0.975,,,0.9,,,,,,,,,0.891666667,,,0.91875,,,0.745833333,,,0.866666667,9
1430,58,0.828571429,48,0.685714286,,,0.757142857,53,0.883333333,61,0.677777778,54,0.9,40,0.666666667,,,,,,,0.781944444,,0.816666667,,0.833333333,,0.9,,,0.840972222,,,,,,,,,0.875,,,0.84375,,,0.75,,,0.854166667,9
1431,39,0.557142857,20,0.285714286,,,0.421428571,35,0.583333333,43,0.477777778,29,0.483333333,27,0.45,,,,,,,0.498611111,,0.725,,0.716666667,,0.758333333,,,0.628472222,,,,,,,,,0.754166667,,,0.625,,,0.466666667,,,0.6125,6
1432,,,,,,,,15,0.25,,,,,10,0.166666667,,,,,,,0.208333333,,,,,,,,,0.208333333,,,,,,,,,,,,,,,,,,0.433333333,5
1433,,,,,,,,,,,,,,,,,,,,,,,,,,0.65,,,,,,,,,,,,,,0.691666667,,,0.55625,,,0.55,,,0.608333333,7
1434,37,0.528571429,26,0.371428571,,,0.45,31,0.516666667,,,38,0.633333333,14,0.233333333,,,,,,,0.461111111,,0.491666667,,0.575,,0.483333333,,,0.472222222,,,,,,,,,0.344444444,,,0.35,,,0.3,,,0.4,5
1435,,,,,,,,19,0.316666667,,,,,21,0.35,,,,,,,0.333333333,,,,,,,,,0.333333333,,,,,,,,,,,,,,,,,,0.258333333,4
1436,31,0.442857143,16,0.228571429,,,0.335714286,20,0.333333333,,,31,0.516666667,13,0.216666667,,,,,,,0.355555556,,,,,,,,,0.355555556,,,,,,,,,0.372222222,,,0.39375,,,0.354166667,,,0.495833333,6
1437,,,,,,,,,,,,,,,,,,,,,,,,0.441666667,,0.508333333,,0.55,,,0.55,,,,,,,,,0.483333333,,,0.43125,,,0.404166667,,,0.554166667,6
1438,48,0.685714286,55,0.785714286,,,0.735714286,48,0.8,72,0.8,39,0.65,35,0.583333333,,,,,,,0.708333333,,0.725,,0.816666667,,0.883333333,,,0.795833333,,,,,,,,,0.8625,,,0.825,,,0.683333333,,,0.7875,8
1439,,,,,,,,,,,,,,,,,,,,,,,,,,,,,,,,,,,,,,,,,,,,,,,,,0.333333333,4
1440,38,0.542857143,32,0.457142857,,,0.5,40,0.666666667,57,0.633333333,52,0.866666667,42,0.7,,,,,,,0.716666667,,0.65,,0.825,,0.808333333,,,0.7625,,,,,,,,,0.8,,,0.925,,,0.758333333,,,0.75,8
1441,50,0.714285714,35,0.5,,,0.607142857,37,0.616666667,69,0.766666667,,,,,,,,,,,0.691666667,,0.641666667,,0.833333333,,0.8,,,0.745833333,,,,,,,,,0.691666667,,,0.7875,,,0.729166667,,,0.783333333,8
1442,26,0.371428571,10,0.142857143,,,0.257142857,10,0.166666667,,,24,0.4,13,0.216666667,,,,,,,0.261111111,,0.508333333,,0.491666667,,,,,0.261111111,,,,,,,,,0.429166667,,,0.1,,,0.116666667,,,0.258333333,4
1443,18,0.257142857,6,0.085714286,,,0.171428571,31,0.516666667,,,46,0.766666667,10,0.166666667,,,,,,,0.483333333,,,,,,,,,0.483333333,,,,,,,,,,,,,,,,,,0.391666667,5
1444,,,,,,,,,,,,,,,,,,,,,,,,,,,,,,,,,,,,,,,,,,,,,,,,,0.345833333,5
1445,48,0.685714286,23,0.328571429,,,0.507142857,27,0.45,47,0.522222222,33,0.55,21,0.35,,,,,,,0.468055556,,0.625,,0.683333333,,0.75,,,0.609027778,,,,,,,,,0.666666667,,,0.69375,,,0.4625,,,0.616666667,7
1446,,,,,,,,,,,,,,,,,,,,,,,,,,,,,,,,,,,,,,,,,,,,,,,,,0.320833333,4
1447,,,,,,,,,,,,,,,,,,,,,,,,,,,,,,,,,,,,,,,,,,,,,,,,,0.4125,5
1448,31,0.442857143,16,0.228571429,,,0.335714286,34,0.566666667,,,28,0.466666667,23,0.383333333,,,,,,,0.472222222,,0.466666667,,0.533333333,,0.6,,,0.536111111,,,,,,,,,0.483333333,,,0.5,,,0.3875,,,0.508333333,6
1449,,,,,,,,,,,,,,,,,,,,,,,,,,,,,,,,,,,,,,,,,,,0.60625,,,0.541666667,,,0.675,7
1450,55,0.785714286,38,0.542857143,,,0.664285714,40,0.666666667,65,0.722222222,33,0.55,29,0.483333333,,,,,,,0.605555556,,0.55,,0.783333333,,0.775,,,0.690277778,,,,,,,,,0.716666667,,,0.8,,,0.591666667,,,0.708333333,8
1451,55,0.785714286,49,0.7,,,0.742857143,45,0.75,69,0.766666667,54,0.9,45,0.75,,,,,,,0.791666667,,0.866666667,,0.858333333,,0.916666667,,,0.854166667,,,,,,,,,0.808333333,,,0.93125,,,0.741666667,,,0.866666667,9
1452,54,0.771428571,35,0.5,,,0.635714286,40,0.666666667,76,0.844444444,49,0.816666667,45,0.75,,,,,,,0.769444444,,0.8,,0.866666667,,0.925,,,0.847222222,,,,,,,,,0.891666667,,,0.73125,,,0.583333333,,,0.720833333,8
1453,35,0.5,24,0.342857143,,,0.421428571,30,0.5,,,40,0.666666667,14,0.233333333,,,,,,,0.466666667,,0.541666667,,0.6,,0.633333333,,,0.55,,,,,,,,,0.488888889,,,0.60625,,,0.445833333,,,0.6125,7
1454,37,0.528571429,21,0.3,,,0.414285714,31,0.516666667,,,31,0.516666667,29,0.483333333,,,,,,,0.505555556,,,,,,,,,0.505555556,,,,,,,,,,,,,,,,,,0.35,4
1455,23,0.328571429,26,0.371428571,,,0.35,28,0.466666667,,,43,0.716666667,28,0.466666667,,,,,,,0.55,,0.558333333,,0.75,,0.683333333,,,0.616666667,,,,,,,,,0.677777778,,,0.675,,,0.566666667,,,0.754166667,8
1456,44,0.628571429,33,0.471428571,,,0.55,29,0.483333333,44,0.488888889,47,0.783333333,28,0.466666667,,,,,,,0.555555556,,0.591666667,,0.741666667,,0.725,,,0.640277778,,,,,,,,,0.725,,,0.6375,,,0.529166667,,,0.633333333,8
1457,44,0.628571429,20,0.285714286,,,0.457142857,42,0.7,,,51,0.85,40,0.666666667,,,,,,,0.738888889,,0.741666667,,0.783333333,,0.741666667,,,0.740277778,,,,,,,,,0.741666667,,,0.64375,,,0.520833333,,,0.633333333,8
1458,17,0.242857143,7,0.1,,,0.171428571,,,,,,,,,,,,,,,,,0.133333333,,0.191666667,,0.275,,,0.275,,,,,,,,,,,,,,,,,,0.270833333,4
1459,39,0.557142857,28,0.4,,,0.478571429,36,0.6,54,0.6,25,0.416666667,27,0.45,,,,,,,0.516666667,,0.408333333,,0.608333333,,0.766666667,,,0.641666667,,,,,,,,,0.522222222,,,,,,0.3,,,0.458333333,6
1460,53,0.757142857,41,0.585714286,,,0.671428571,57,0.95,60,0.666666667,50,0.833333333,53,0.883333333,,,,,,,0.833333333,,0.808333333,,0.808333333,,0.908333333,,,0.870833333,,,,,,,,,0.85,,,0.9,,,0.75,,,0.858333333,8
1461,46,0.657142857,43,0.614285714,,,0.635714286,42,0.7,42,0.466666667,35,0.583333333,24,0.4,,,,,,,0.5375,,0.525,,0.691666667,,0.791666667,,,0.664583333,,,,,,,,,0.758333333,,,0.64375,,,0.495833333,,,0.629166667,7
1462,67,0.957142857,48,0.685714286,,,0.821428571,56,0.933333333,69,0.766666667,53,0.883333333,37,0.616666667,,,,,,,0.8,,0.916666667,,0.933333333,,0.958333333,,,0.879166667,,,,,,,,,0.925,,,0.96875,,,0.841666667,,,0.9,9
1463,22,0.314285714,17,0.242857143,,,0.278571429,22,0.366666667,,,,,34,0.566666667,,,,,,,0.466666667,,0.583333333,,,,,,,0.466666667,,,,,,,,,0.425,,,0.40625,,,0.5,,,0.620833333,7
1464,32,0.457142857,19,0.271428571,,,0.364285714,32,0.533333333,,,27,0.45,21,0.35,,,,,,,0.444444444,,0.558333333,,0.508333333,,0.483333333,,,0.463888889,,,,,,,,,0.438888889,,,0.38125,,,0.279166667,,,0.304166667,4
1465,33,0.471428571,23,0.328571429,,,0.4,28,0.466666667,,,,,36,0.6,,,,,,,0.533333333,,0.508333333,,0.7,,,,,0.533333333,,,,,,,,,0.577777778,,,0.575,,,0.5125,,,0.654166667,7
1466,56,0.8,49,0.7,,,0.75,55,0.916666667,73,0.811111111,45,0.75,40,0.666666667,,,,,,,0.786111111,,0.825,,0.825,,0.866666667,,,0.826388889,,,,,,,,,0.9,,,0.925,,,0.795833333,,,0.858333333,9
1467,16,0.228571429,7,0.1,,,0.164285714,,,,,,,,,,,,,,,,,,,,,,,,,,,,,,,,,,,,,,,,,,0.379166667,5
1468,,,,,,,,24,0.4,,,30,0.5,25,0.416666667,,,,,,,0.438888889,,0.425,,0.441666667,,,,,0.438888889,,,,,,,,,0.511111111,,,0.4625,,,0.4,,,0.466666667,6
1469,,,,,,,,39,0.65,,,44,0.733333333,40,0.666666667,,,,,,,0.683333333,,0.808333333,,0.75,,0.9,,,0.791666667,,,,,,,,,0.866666667,,,0.875,,,0.8,,,0.879166667,9
1470,,,,,,,,35,0.583333333,,,41,0.683333333,34,0.566666667,,,,,,,0.611111111,,0.625,,0.716666667,,0.7,,,0.655555556,,,,,,,,,0.716666667,,,0.7125,,,0.675,,,0.8625,9
1471,38,0.542857143,21,0.3,,,0.421428571,39,0.65,,,35,0.583333333,30,0.5,,,,,,,0.577777778,,0.491666667,,0.541666667,,0.525,,,0.551388889,,,,,,,,,0.422222222,,,0.4875,,,0.404166667,,,0.591666667,7
1472,50,0.714285714,23,0.328571429,,,0.521428571,49,0.816666667,60,0.666666667,45,0.75,36,0.6,,,,,,,0.708333333,,0.858333333,,0.883333333,,0.9,,,0.804166667,,,,,,,,,0.875,,,0.76875,,,0.675,,,0.716666667,8
1473,36,0.514285714,15,0.214285714,,,0.364285714,24,0.4,,,40,0.666666667,14,0.233333333,,,,,,,0.433333333,,,,,,,,,0.433333333,,,,,,,,,,,,,,,,,,0.333333333,4
1474,43,0.614285714,46,0.657142857,,,0.635714286,29,0.483333333,57,0.633333333,39,0.65,22,0.366666667,,,,,,,0.533333333,,0.416666667,,0.658333333,,0.65,,,0.591666667,,,,,,,,,0.55,,,0.50625,,,0.454166667,,,0.6625,7
1475,47,0.671428571,28,0.4,,,0.535714286,35,0.583333333,54,0.6,47,0.783333333,26,0.433333333,,,,,,,0.6,,0.725,,0.808333333,,0.866666667,,,0.733333333,,,,,,,,,0.733333333,,,0.6875,,,0.591666667,,,0.6875,8
1476,42,0.6,23,0.328571429,,,0.464285714,23,0.383333333,,,32,0.533333333,26,0.433333333,,,,,,,0.45,,0.5,,0.475,,,,,0.45,,,,,,,,,0.5,,,0.4,,,0.35,,,0.4875,5
1477,57,0.814285714,47,0.671428571,,,0.742857143,62,1.033333333,81,0.9,55,0.916666667,44,0.733333333,,,,,,,0.895833333,,0.9,,0.908333333,,0.941666667,,,0.91875,,,,,,,,,0.879166667,,,0.94375,,,0.833333333,,,0.945833333,9
1478,29,0.414285714,24,0.342857143,,,0.378571429,28,0.466666667,,,41,0.683333333,25,0.416666667,,,,,,,0.522222222,,0.566666667,,0.591666667,,,,,0.522222222,,,,,,,,,0.75,,,0.625,,,0.4625,,,0.516666667,6
1479,38,0.542857143,31,0.442857143,,,0.492857143,37,0.616666667,54,0.6,36,0.6,24,0.4,,,,,,,0.554166667,,0.716666667,,0.708333333,,,,,0.554166667,,,,,,,,,0.675,,,0.58125,,,0.558333333,,,0.6625,7
1480,41,0.585714286,31,0.442857143,,,0.514285714,43,0.716666667,54,0.6,35,0.583333333,42,0.7,,,,,,,0.65,,0.516666667,,0.733333333,,0.633333333,,,0.641666667,,,,,,,,,0.558333333,,,0.54375,,,0.408333333,,,0.570833333,7
1481,,,,,,,,30,0.5,,,31,0.516666667,17,0.283333333,,,,,,,0.433333333,,,,,,,,,0.433333333,,,,,,,,,0.394444444,,,0.3625,,,0.333333333,,,0.420833333,5
1482,52,0.742857143,52,0.742857143,,,0.742857143,61,1.016666667,54,0.6,51,0.85,49,0.816666667,,,,,,,0.820833333,,0.95,,0.891666667,,0.908333333,,,0.864583333,,,,,,,,,0.941666667,,,0.9875,,,0.816666667,,,0.866666667,9
1483,56,0.8,28,0.4,,,0.6,45,0.75,61,0.677777778,37,0.616666667,36,0.6,,,,,,,0.661111111,,0.716666667,,0.775,,0.9,,,0.780555556,,,,,,,,,0.829166667,,,0.85625,,,0.708333333,,,0.829166667,9
1484,31,0.442857143,18,0.257142857,,,0.35,27,0.45,,,43,0.716666667,23,0.383333333,,,,,,,0.516666667,,0.375,,0.466666667,,0.483333333,,,0.5,,,,,,,,,0.427777778,,,0.48125,,,0.341666667,,,0.4625,6
1485,23,0.328571429,19,0.271428571,,,0.3,13,0.216666667,,,,,,,,,,,,,0.216666667,,0.316666667,,0.416666667,,,,,0.216666667,,,,,,,,,0.4625,,,0.3,,,0.233333333,,,0.429166667,6
1486,40,0.571428571,25,0.357142857,,,0.464285714,26,0.433333333,54,0.6,27,0.45,15,0.25,,,,,,,0.433333333,,0.483333333,,0.483333333,,0.6,,,0.516666667,,,,,,,,,0.575,,,0.65,,,0.495833333,,,0.520833333,6
1487,37,0.528571429,31,0.442857143,,,0.485714286,37,0.616666667,,,37,0.616666667,27,0.45,,,,,,,0.561111111,,0.333333333,,0.491666667,,0.416666667,,,0.488888889,,,,,,,,,0.316666667,,,0.36875,,,0.241666667,,,0.429166667,5
1488,,,,,,,,,,,,36,0.6,16,0.266666667,,,,,,,0.433333333,,0.5,,0.616666667,,0.616666667,,,0.525,,,,,,,,,0.377777778,,,0.38125,,,0.241666667,,,0.366666667,5
1489,43,0.614285714,41,0.585714286,,,0.6,41,0.683333333,63,0.7,44,0.733333333,36,0.6,,,,,,,0.679166667,,0.816666667,,0.875,,0.9,,,0.789583333,,,,,,,,,0.866666667,,,0.90625,,,0.695833333,,,0.7625,8
1490,35,0.5,31,0.442857143,,,0.471428571,44,0.733333333,,,49,0.816666667,41,0.683333333,,,,,,,0.744444444,,0.725,,0.741666667,,0.808333333,,,0.776388889,,,,,,,,,0.7,,,0.8125,,,0.541666667,,,0.704166667,8
1491,39,0.557142857,26,0.371428571,,,0.464285714,36,0.6,48,0.533333333,31,0.516666667,35,0.583333333,,,,,,,0.558333333,,0.533333333,,0.633333333,,0.658333333,,,0.608333333,,,,,,,,,0.5,,,0.4625,,,0.3125,,,0.4,5
1492,54,0.771428571,50,0.714285714,,,0.742857143,56,0.933333333,75,0.833333333,41,0.683333333,46,0.766666667,,,,,,,0.804166667,,0.8,,0.825,,0.858333333,,,0.83125,,,,,,,,,0.816666667,,,0.8,,,0.779166667,,,0.845833333,9
1493,,,,,,,,,,,,,,,,,,,,,,,,,,,,,,,,,,,,,,,,,,,,,,,,,0.429166667,6
1494,16,0.228571429,15,0.214285714,,,0.221428571,,,,,,,,,,,,,,,,,,,,,,,,,,,,,,,,,,,,,,,,,,0.291666667,4
1495,56,0.8,56,0.8,,,0.8,55,0.916666667,79,0.877777778,51,0.85,50,0.833333333,,,,,,,0.869444444,,0.875,,0.925,,0.908333333,,,0.888888889,,,,,,,,,0.858333333,,,0.9625,,,0.795833333,,,0.8375,8
1496,43,0.614285714,24,0.342857143,,,0.478571429,36,0.6,61,0.677777778,26,0.433333333,19,0.316666667,,,,,,,0.506944444,,0.583333333,,,,,,,0.506944444,,,,,,,,,0.544444444,,,0.36875,,,0.320833333,,,0.466666667,6
1497,,,,,,,,,,,,,,,,,,,,,,,,,,,,,,,,,,,,,,,,,,,,,,,,,0.3625,5
1498,42,0.6,47,0.671428571,,,0.635714286,49,0.816666667,35,0.388888889,38,0.633333333,32,0.533333333,,,,,,,0.593055556,,0.5,,0.7,,0.8,,,0.696527778,,,,,,,,,0.641666667,,,0.68125,,,0.558333333,,,0.716666667,7
